gene,variants_with_functional_data,no_germline_classification,uncertain_significance,conflicting,carries_ACMG_code
BRCA1,3893,2017,428,381,293
KCNE1,1106,900,110,30,1106
JAG1,485,424,39,7,485
SCN5A,359,88,112,93,337
PSAT1,224,141,69,6,2
KCNQ2,84,7,12,12,13
FH,77,11,23,28,4
SCN2A,63,10,4,4,13
SCN1A,55,22,1,3,5
SLC26A4,54,1,5,2,13
LOC102724058,40,6,2,11,4
ALPL,37,0,6,12,37
SCN8A,33,9,0,2,5
COX10,25,0,15,6,0
ABCA4,25,0,1,1,9
TTN,24,0,0,12,0
TP53,20,2,1,2,5
KCNB1,20,1,1,1,1
SCN3A,18,5,3,1,1
BRCA2,17,0,0,4,3
CXCR4,17,0,0,0,0
MLH1,16,1,2,4,2
GATM,15,1,11,0,12
MSH6,14,0,1,5,0
MSH2,14,0,0,3,2
ATM,13,1,0,1,4
PIK3CD,13,0,13,0,0
DMD,11,0,0,4,4
CEP76,11,0,0,1,10
PMS2,10,0,1,4,2
TSC2,10,0,0,4,0
PALB2,10,0,0,4,1
LDLR,10,0,3,2,4
TYR,9,0,0,4,1
CDH1,9,0,1,3,6
CCM2,9,8,0,0,0
PDCD10,9,9,0,0,0
BIRC3,8,0,1,0,0
DYSF,8,0,0,0,5
PIK3R1,8,0,5,1,1
PTEN,8,0,0,0,0
ANO4,7,0,0,0,0
APC,7,1,0,1,1
RB1,7,1,0,1,0
LOC110121269,7,2,1,3,7
RYR2,7,0,0,0,0
ARSA,7,1,1,1,1
NF1,7,0,0,1,2
COL3A1,7,0,0,3,1
GAA,7,0,1,0,3
MYBPC3,6,0,0,0,1
BGN,6,0,1,2,0
TSC1,6,1,0,2,0
MET,6,2,1,0,0
KCNQ1,6,0,1,0,2
MYH11,6,0,0,3,0
PTCH1,6,0,0,5,0
POLE,6,0,0,2,0
PKP2,6,0,1,3,0
CFTR,6,0,0,3,3
SLC26A2,6,0,0,1,1
MUTYH,6,0,0,4,2
VPS13B,6,0,0,4,0
CLCN2,5,0,0,0,0
NAA10,5,0,1,2,1
SYK,5,0,1,1,0
DSP,5,1,0,3,1
GRIN1,5,1,0,0,0
RALGAPA1,5,0,0,0,0
SMARCA4,5,1,0,1,0
DCHS1,5,0,0,1,0
BARD1,5,0,0,3,0
SYNE1,5,0,0,1,0
BRIP1,5,0,1,1,0
ALMS1,5,0,0,0,0
KCNH2,5,0,0,1,1
COL2A1,5,0,0,1,1
LAMA2,5,0,1,2,0
OSMR,5,0,0,2,5
GALT,4,2,0,1,1
RINT1,4,0,0,2,0
SLC12A2,4,0,1,0,0
MPZ,4,0,0,1,1
OCA2,4,0,0,1,1
RYR1,4,0,0,2,2
SCLT1,4,0,1,0,4
CDKN2A,4,1,0,0,1
COL1A1,4,0,0,1,0
ABCC9,4,0,0,2,0
COL6A3,4,0,0,1,0
RET,4,0,1,2,0
FBN1,4,0,1,0,0
PCNT,4,0,0,0,0
ATP7B,4,0,0,3,1
FLNC,4,0,0,4,1
TTN-AS1,4,0,0,1,1
COL4A1,4,0,0,0,0
SDHA,4,0,0,3,0
PKD1,4,0,0,2,0
GALC,4,0,0,1,3
FGFR2,4,0,0,0,1
CEP290,4,0,1,2,0
SETX,4,0,0,2,0
FBN2,4,0,0,2,0
NBN,3,0,0,1,0
DPYD,3,0,0,0,1
VRK1,3,0,0,3,0
PDGFRB,3,0,0,0,0
TGM1,3,1,0,0,0
EZH1,3,0,0,0,0
SLITRK2,3,0,0,0,1
TCF4,3,1,0,0,1
EPRS1,3,0,0,0,1
STAT1,3,0,0,1,0
HADHB,3,0,0,0,0
PFAS,3,0,0,0,3
POLD1,3,1,0,1,1
TPM1,3,1,0,2,0
KIF11,3,0,0,0,0
LOC123956210,3,0,0,1,1
SMAD3,3,0,0,1,0
SPINK1,3,0,1,0,1
SOS1,3,0,0,0,0
OTC,3,0,0,0,1
ATP13A2,3,0,0,0,0
ASPM,3,0,0,0,0
ADGRV1,3,0,0,1,0
STK11,3,0,0,3,0
RAD51C,3,0,0,0,0
MFSD8,3,0,0,1,0
IDUA,3,0,0,0,1
BAP1,3,0,0,1,0
COL1A2,3,0,0,1,1
PKHD1,3,0,1,1,0
SYNE2,3,0,0,1,0
PHEX,3,0,1,0,0
KYNU,3,0,0,0,0
KRIT1,3,3,0,0,0
FANCA,3,0,0,0,0
VHL,3,0,1,0,0
HEXA,3,0,0,1,1
MSH3,3,0,0,1,0
HARS1,3,0,3,0,0
ACTA2,3,0,0,3,0
POU3F4,3,2,0,0,0
DEPDC5,3,0,0,0,1
MKS1,3,0,1,2,0
FIG4,3,0,0,2,0
SLC25A22,3,0,0,1,0
SNAPIN,3,0,0,0,3
ITGAV,3,0,0,0,0
LOC126806427,3,0,0,1,0
LMNA,3,0,0,0,0
TPP1,3,0,0,0,1
DNAH5,3,0,0,0,0
POLG,3,0,0,2,0
DNAH11,3,0,0,0,0
CHEK2,3,0,0,2,1
NOTCH1,3,0,0,0,0
GLDC,3,0,0,2,0
NOTCH3,3,0,0,1,0
FAT4,3,0,0,0,0
COQ8B,3,0,0,2,0
LIPA,3,0,0,1,2
PEX12,2,0,1,0,0
LZTR1,2,0,0,1,0
SMAD4,2,0,0,1,0
TBX5,2,0,0,0,0
HSD3B1,2,0,0,0,0
RPL5,2,1,0,0,0
YARS1,2,1,0,1,0
TMEM63A,2,0,0,0,2
HGD,2,0,0,0,1
CLCN1,2,0,0,1,0
MYSM1,2,2,0,0,0
ACD,2,0,0,0,0
SLIRP,2,2,0,0,0
PIP5K1C,2,0,1,0,0
LMOD1,2,0,0,0,0
PIK3CA,2,1,0,0,0
TERT,2,2,0,0,0
TRPM7,2,0,0,0,0
PDGFB,2,0,0,0,2
ATRX,2,0,0,1,0
PEX6,2,0,0,0,0
VPS41,2,0,0,0,0
ARID1B,2,1,0,0,0
NF2,2,0,0,1,0
SMARCB1,2,1,0,0,0
MYPN,2,0,0,0,0
PIGN,2,0,0,0,1
SH3TC2,2,0,0,2,0
GLRA2,2,0,1,0,1
TBCD,2,0,1,0,0
ALPK3,2,0,0,0,0
PARN,2,0,0,1,1
SYNJ1,2,0,1,0,0
ATP6AP1,2,0,0,0,0
ACHE,2,0,2,0,0
LOC100507346,2,0,0,0,0
COL4A5,2,0,0,0,0
TNNT2,2,0,0,1,0
CBL,2,0,0,0,0
LDB3,2,0,0,0,0
ANKRD1,2,0,0,0,0
SGCD,2,0,0,1,0
NEXN,2,0,0,1,0
EYA1,2,0,0,0,0
CFTR-AS1,2,0,0,1,2
NEK1,2,0,0,0,0
CNTNAP2,2,0,0,1,0
SLC9A6,2,0,0,0,0
KIF7,2,0,1,0,0
DYNC1H1,2,0,0,0,0
PLCB1,2,0,0,1,0
COL5A1,2,0,0,0,0
MRE11,2,0,0,2,0
POMGNT1,2,0,0,0,1
CPLANE1,2,0,0,1,0
SMPD1,2,0,0,0,0
MYLK,2,0,1,0,0
CACNA1S,2,0,0,0,0
AGL,2,0,0,0,0
IGHMBP2,2,0,0,1,0
BMPR1A,2,0,0,1,0
PCSK9,2,0,0,1,0
MYH6,2,0,0,1,0
TYRP1,2,0,0,1,0
SLX4,2,0,1,1,0
HSPB1,2,0,0,1,0
ELP1,2,0,1,0,1
ABCA1,2,0,0,0,0
HAAO,2,0,0,0,2
ATP1A3,2,0,1,0,0
CYP2U1,2,0,0,2,2
DUOX2,2,0,0,1,0
PMM2,2,0,0,0,0
BLM,2,0,0,0,0
NDUFA13,2,0,0,0,0
FSHR,2,0,0,0,0
WNT7B,2,0,0,0,0
CUBN,2,0,0,0,0
GARS1,2,0,0,0,0
COL5A2,2,0,0,0,0
LEP,2,0,0,0,2
MYCBP2,2,0,1,1,0
ACTA2-AS1,2,0,0,1,0
MTHFR,2,0,0,0,1
MSX1,2,0,0,0,0
PYGM,2,0,0,1,1
IFT57,2,0,2,0,0
GABRG2,2,0,1,0,0
SDHD,2,0,0,0,0
FLNA,2,0,0,0,0
DSG2,2,0,0,1,0
BAG3,2,0,0,1,0
JUP,2,0,0,1,0
RPGR,2,0,0,0,0
COQ8A,2,0,0,1,0
DNM2,2,0,0,0,0
SCN1B,2,0,0,0,0
ABCC6,2,0,0,0,0
ACVRL1,2,0,0,0,0
CTNNA3,2,0,0,0,0
DNMT1,2,0,0,0,0
RPS20,2,0,0,0,0
ARHGEF10,2,0,0,1,0
ALDH3A2,2,0,0,0,0
TMEM70,2,0,0,0,1
PAH,2,0,0,0,2
CBS,2,0,0,1,1
FAH,2,0,0,0,1
PHKB,2,0,0,0,0
HRAS,2,0,0,0,1
DCLRE1C,2,0,0,0,0
MEFV,2,0,0,2,0
FLCN,2,0,0,1,2
USH2A,2,0,0,1,0
CAPN3,2,0,0,0,0
DHCR7,2,0,1,0,1
COL6A2,2,0,0,1,0
KMT2D,2,0,0,0,0
PNKP,2,0,0,1,1
VWF,2,0,0,2,1
MFN2,2,0,0,0,0
CHD7,2,0,0,0,0
SPG11,2,0,0,2,0
LRP5,2,0,0,1,0
DCTN1,2,0,0,1,0
SPG7,2,0,0,0,1
RANBP2,2,0,0,0,0
COL7A1,2,0,0,1,0
ERBB4,2,0,0,1,0
OPA1,2,0,0,0,1
CPT2,2,0,0,0,1
LAMA4,2,0,0,1,0
LOC126806428,2,0,0,0,0
LOC126806422,2,0,0,1,0
CDKL5,2,0,0,0,0
TRPV4,2,0,0,0,0
FOXRED1,1,0,1,0,0
MYBPC1,1,0,0,0,0
BBS7,1,0,1,0,0
LOC130063193,1,0,0,0,0
TARS2,1,0,0,0,0
TUBA1A,1,0,0,0,0
PIGT,1,0,0,0,0
GNPAT,1,1,0,0,0
NTN1,1,0,0,0,0
SOCS1,1,0,0,0,0
TKFC,1,0,0,0,0
TBX6,1,0,0,0,0
OLFM3,1,0,1,0,0
HERC1,1,0,0,0,0
GABBR2,1,0,0,0,0
ZDHHC15,1,0,0,0,0
CNRIP1,1,0,1,0,0
MPC1,1,0,0,0,0
LOC130068840,1,0,0,1,0
HYAL3,1,0,0,0,0
MYH10,1,0,0,1,0
PNLDC1,1,0,0,0,0
NTRK2,1,1,0,0,0
VPS33A,1,0,1,0,0
C1GALT1C1,1,0,0,0,0
SLCO2B1,1,1,0,0,0
VPS51,1,0,1,0,0
LOC108167315,1,0,0,0,0
GBP2,1,0,0,0,0
REDIC1,1,0,0,0,0
ATG4D,1,0,0,0,0
CAMK2D,1,0,0,0,0
NLGN3,1,0,0,0,0
STAT5B,1,0,0,0,1
POLR3K,1,0,0,0,0
LOC130058083,1,0,0,0,0
BAG5,1,0,0,0,0
TRPV5,1,0,0,0,0
GRID1,1,0,0,0,0
CORIN,1,0,0,0,0
NUS1,1,0,0,0,1
SEMA6A,1,0,0,0,0
SLPI,1,0,0,0,0
CARD11,1,0,0,0,0
ELOVL4,1,0,0,0,0
TCF12,1,0,0,0,0
MAGED2,1,0,0,0,1
EHMT2,1,0,0,0,0
DPH1,1,0,0,1,0
VARS1,1,0,0,0,0
TRMT1,1,0,1,0,1
TBK1,1,0,0,0,0
SORL1,1,0,0,0,1
NSD2,1,0,0,0,0
LIMK1,1,0,0,0,0
MT-TR,1,0,0,0,1
YME1L1,1,0,0,0,1
RAD54L2,1,0,0,0,0
OTOF,1,0,0,0,0
IFNGR1,1,0,0,0,0
DOCK11,1,0,0,0,0
HS3ST1,1,0,0,0,0
TASP1,1,0,0,0,0
AGO1,1,0,0,0,0
LOC126806915,1,1,0,0,0
COA8,1,0,0,0,0
NAA30,1,0,0,0,0
TRIP4,1,0,0,0,0
PGAP1,1,0,0,0,0
GLDN,1,0,0,0,0
TDP2,1,0,0,0,0
SERPINA7,1,0,0,1,0
EBP,1,0,0,0,0
ZNF408,1,0,0,0,0
PRKD1,1,0,0,0,0
F8,1,0,0,0,0
ARID1A,1,1,0,0,0
CDKN2C,1,1,0,0,0
IFRD1,1,0,0,0,0
HLA-B,1,1,0,0,0
ZNRF3,1,1,0,0,0
AP4S1,1,0,0,0,1
LOC130009266,1,0,1,0,0
COPB1,1,0,0,0,0
LEF1,1,0,0,0,0
SLC5A6,1,0,0,0,0
OXCT1,1,1,0,0,0
ZNF513,1,0,0,1,1
A2ML1,1,0,0,0,0
ACOX2,1,0,0,1,1
PREPL,1,0,0,1,0
SULT2B1,1,0,0,0,0
DNM1L,1,0,0,0,0
CSF1R,1,0,0,1,0
ATP5F1B,1,0,0,0,1
RPL18,1,0,0,1,1
CACNA1A,1,0,0,0,0
LOC126807246,1,0,0,0,0
CPA6,1,0,0,1,0
SLC38A8,1,0,0,1,0
MYO5A,1,0,0,0,0
CTLA4,1,0,0,1,0
ERCC6,1,0,0,0,0
APOC3,1,0,0,1,0
CTSA,1,0,0,0,0
RECQL,1,0,1,0,0
CALU,1,0,0,0,0
NFKB1,1,0,0,0,0
TNNI3K,1,0,0,0,0
ITGA3,1,0,0,0,0
MEGF8,1,0,0,0,0
UQCRC2,1,0,0,0,0
EIF2S3,1,0,0,0,1
AKT1,1,0,0,0,0
NPHP1,1,0,0,0,0
KCNE2,1,0,0,0,0
ATL1,1,0,0,0,0
KCNJ8-AS1,1,0,0,0,0
GCK,1,0,0,0,0
SPRED1,1,0,0,0,0
MYH7,1,0,0,0,0
CASQ2,1,0,0,0,0
ACADVL,1,0,0,0,0
ASL,1,0,0,0,0
SLC2A1,1,0,0,0,0
GRIA3,1,0,0,0,0
TBC1D24,1,0,0,0,0
LOC101448202,1,0,0,0,0
CPS1,1,0,0,0,0
TSEN54,1,0,0,0,0
ETHE1,1,0,0,1,0
PSEN2,1,0,0,0,0
MAPT,1,0,0,0,0
ANO10,1,0,0,0,0
NTRK1,1,0,0,0,0
PDE6C,1,0,1,0,0
PNPO,1,0,1,0,0
LOC130064129,1,0,0,0,0
MKKS,1,0,1,0,0
CPOX,1,0,1,0,0
LOC126860130,1,0,0,0,0
ADAM9,1,0,0,0,0
FGFR1,1,0,0,0,0
ACADM,1,0,0,0,0
SLC17A5,1,0,0,0,0
PRKG1,1,0,0,0,0
FBP1,1,0,0,0,0
MRPS34,1,0,0,0,0
PKD1-AS1,1,0,0,1,0
MMACHC,1,0,0,1,0
TIMMDC1,1,1,0,0,0
UQCRFS1,1,0,0,0,0
TPI1,1,0,1,0,0
CDKN1B,1,0,1,0,0
TXNRD2,1,0,1,0,0
MT-ND5,1,0,0,1,1
VPS33B,1,0,0,0,0
CHRND,1,0,0,1,0
HMBS,1,0,0,0,1
MT-TN,1,0,1,0,0
NPC1,1,0,0,0,1
IRAK4,1,0,0,0,0
GABRB2,1,0,0,1,0
SLC52A2,1,0,0,0,0
ITGA2B,1,0,0,0,0
SLCO1B3,1,0,0,0,0
DMP1-AS1,1,0,0,0,0
ASAH1,1,0,0,0,0
MLKL,1,1,0,0,0
MYO5B,1,0,0,0,1
ALG1,1,0,0,0,0
ACTB,1,0,0,0,0
CCDC50,1,0,0,0,0
IL7R,1,0,0,0,0
AIFM1,1,0,0,0,0
SYN1,1,0,0,0,0
ADSL,1,0,0,1,1
LOC126805612,1,0,1,0,0
GUSB,1,0,0,1,0
TFAP2B,1,0,0,0,0
TACSTD2,1,0,0,0,0
ACAT1,1,0,0,1,1
CYBB,1,0,0,0,1
DTNBP1,1,0,1,0,0
TMEM161B,1,0,1,0,0
CCDC40,1,0,0,0,0
NARS1,1,0,1,0,0
SPAST,1,0,0,0,0
OFD1,1,0,0,0,0
DLG3,1,0,0,0,1
ATP7A,1,0,0,0,0
SMC3,1,1,0,0,0
TIMM50,1,0,0,1,0
HPS1,1,0,0,0,0
SLC45A2,1,0,0,0,0
LAMP2,1,0,0,0,1
MT-TI,1,0,0,0,1
MT-TY,1,0,0,0,1
MT-ND1,1,0,0,0,1
MT-ATP8,1,0,0,0,1
NR4A2,1,0,0,0,0
MYHAS,1,0,0,0,1
IGF1R,1,0,0,0,0
GJD2-DT,1,0,0,1,0
DYRK1A,1,0,0,0,0
GCDH,1,0,0,0,1
MARVELD2,1,0,0,0,0
CREBBP,1,0,0,0,0
NR3C1,1,0,0,0,1
L1CAM,1,0,0,0,0
DDX11,1,0,0,0,0
TGFBR2,1,0,0,0,0
PAK3,1,0,0,0,0
LOC126806420,1,0,0,0,0
TMEM43,1,0,0,0,0
CHRNA4,1,0,0,0,0
ANXA11,1,0,0,0,1
COX20,1,0,0,0,1
IQSEC2,1,0,0,0,0
ALG6,1,0,0,0,1
LOC129934333,1,0,0,0,0
ALG11,1,0,0,1,1
NRL,1,0,1,0,0
EMC10,1,0,0,0,0
IL2RG,1,0,0,0,0
MYL2,1,0,0,1,1
NDUFS4,1,0,0,0,0
PRKAG2,1,0,0,0,1
DBH,1,0,0,0,0
BBS9,1,0,0,0,0
SLC35D2-HSD17B3,1,0,0,0,1
NTHL1,1,0,0,0,0
PSMB10,1,0,0,1,0
CPAP,1,0,0,0,0
LOC130001683,1,0,1,0,0
MAP2K2,1,0,0,0,0
PTPN11,1,0,0,0,0
POMT2,1,0,0,0,0
SCN1A-AS1,1,0,0,0,0
SPATA7,1,0,0,1,0
RECQL4,1,0,0,0,0
EMD,1,0,0,0,0
SDHB,1,0,0,0,0
CLN8,1,0,0,0,0
CC2D1A,1,0,0,1,0
SLC6A8,1,0,0,0,0
PHF8,1,0,0,0,0
FANCC,1,0,0,0,0
PDGFRA,1,0,0,0,0
LOC130009366,1,0,0,0,0
WDR19,1,0,0,1,0
SUOX,1,0,0,1,0
TDP1,1,0,0,0,0
IFT140,1,0,0,0,0
WRAP53,1,0,0,0,0
RELN,1,0,0,0,0
GSN,1,0,0,0,0
MIB1,1,0,0,0,0
SDHC,1,0,1,0,0
KCND3,1,0,0,0,0
COL4A4,1,0,0,0,0
IVD,1,0,0,0,0
LOC127407129,1,0,0,0,0
DHFR,1,0,0,0,0
SPEF2,1,0,0,0,0
PLS3,1,0,0,0,0
MME,1,0,0,0,1
SBDS,1,0,0,0,1
NAGLU,1,0,0,0,1
LPO,1,0,0,0,1
B3GLCT,1,0,0,0,0
ASS1,1,0,0,0,1
SCNN1G,1,0,0,0,0
ACADSB,1,0,0,0,1
CYP21A2,1,0,0,1,1
GYS2,1,0,0,0,1
KRAS,1,0,0,0,0
LOC107133510,1,0,0,0,0
COL9A3,1,0,0,0,0
ACTC1,1,0,0,0,1
DSC2,1,0,0,0,0
FKTN,1,0,0,1,0
RAF1,1,0,0,0,0
RAD50,1,0,0,1,0
SLC26A4-AS1,1,0,0,0,0
GATA4,1,0,0,0,0
EDA,1,0,0,0,1
PCDH15,1,0,0,0,0
LOC126806431,1,0,0,1,0
USH1G,1,0,0,1,0
CC2D2A,1,0,0,0,0
RSPH1,1,0,0,0,0
CYP27A1,1,0,0,0,1
COL6A1,1,0,0,0,0
FOLR1,1,0,0,1,0
GRN,1,0,0,0,0
RPGRIP1,1,0,1,0,0
ACYP1,1,0,0,1,1
GRM6,1,0,0,0,0
BEST1,1,0,0,0,1
MVK,1,0,0,0,0
LOC102723692,1,0,0,0,0
TTC21B,1,0,0,0,0
ZNF81,1,0,0,1,0
ECEL1,1,0,0,0,0
ALK,1,0,0,0,0
DLAT,1,0,0,0,0
ETFB,1,0,0,0,0
EPCAM,1,0,0,0,0
ERCC2,1,0,0,0,1
WRN,1,0,0,0,0
PRPH2,1,0,0,0,0
WDR62,1,0,0,0,0
GYG1,1,0,0,0,1
SMC1A,1,0,0,1,0
EHMT1,1,0,0,0,0
PEX1,1,0,0,0,0
NPC2,1,0,0,0,0
TCIRG1,1,0,0,0,1
LOC105371046,1,0,0,1,0
SPTBN2,1,0,0,1,0
AARS1,1,0,0,1,0
CLN6,1,0,0,0,0
CHRNB1,1,0,0,0,0
ABCA3,1,0,0,0,1
VCAN,1,0,0,1,0
MEN1,1,0,0,1,0
KANSL1,1,0,0,0,0
GBE1,1,0,0,0,1
HOGA1,1,0,0,0,1
HADH,1,0,0,0,0
LRRC37A2,1,0,0,0,0
LRPPRC,1,0,0,1,0
FGFR3,1,0,0,0,0
MILR1,1,0,0,0,0
KDM6B,1,0,0,1,0
KCNT1,1,0,0,1,0
TRDN,1,0,0,0,0
ACTG1,1,0,0,0,0
LPIN2,1,0,0,1,0
GRIP1,1,0,0,1,0
LYST,1,0,0,0,0
C2CD3,1,0,0,0,0
ENG,1,0,0,0,0
MAN2B1,1,0,0,0,0
FANCI,1,0,0,1,0
KIT,1,0,0,0,0
BLNK,1,0,0,0,0
IFT172,1,0,0,0,0
VCP,1,0,0,0,0
INVS,1,0,0,0,0
INF2,1,0,0,0,0
COL11A1,1,0,0,0,0
SPTA1,1,0,0,1,0
GFI1,1,0,0,0,0
NLRP3,1,0,0,1,1
IFIH1,1,0,0,1,1
PKD2,1,0,0,0,0
NDUFAF5,1,0,0,0,0
ARHGAP31,1,0,0,0,0
CEP41,1,0,0,0,0
NDUFAF6,1,0,0,1,0
ADAR,1,0,0,1,0
ZFYVE26,1,0,0,1,0
KIF1B,1,0,0,0,0
MPL,1,0,0,1,0
ALDH18A1,1,0,0,0,0
WNK1,1,0,0,0,0
STRA6,1,0,0,1,0
UNC119,1,0,0,0,0
SEPTIN9,1,0,0,0,0
MYH14,1,0,0,1,0
INSR,1,0,0,1,0
RTN2,1,0,0,0,0
STXBP2,1,0,0,0,1
CERKL,1,0,0,1,0
LRP2,1,0,0,0,0
PNKD,1,0,0,0,0
RP1L1,1,0,0,0,0
TG,1,0,0,1,0
RNASEH2C,1,0,0,0,0
GJB2,1,0,0,0,1
RETREG1,1,0,0,0,0
SCN10A,1,0,0,0,0
C6,1,0,0,1,1
SLC12A3,1,0,0,0,1
LOC126862279,1,0,0,0,0
PINK1,1,0,0,0,0
CCDC88C,1,0,0,1,0
ABCB6,1,0,0,0,0
UPB1,1,0,0,0,0
PGM1,1,0,0,0,0
DDX3X,1,0,0,0,0
KIF1A,1,0,0,0,0
MAP3K1,1,0,0,0,0
NLRP12,1,0,0,1,0
CACNA2D4,1,0,0,1,0
VARS2,1,0,0,1,0
CARD9,1,0,0,1,0
EYS,1,0,0,0,0
OPLAH,1,0,1,0,0
PACS1,1,0,0,0,0
GK,1,0,0,0,0
FAS,1,0,0,0,0
POLR3B,1,0,0,0,1
TBCE,1,0,0,0,0
LOC130058907,1,0,0,1,0
C7,1,0,0,1,0
EGFR,1,0,0,0,0
CTNNA1,1,0,0,0,0
NBAS,1,0,0,0,0
CAMTA1,1,0,0,0,0
TUBGCP6,1,0,0,0,0
ZBTB20,1,0,0,0,0
EVC2,1,0,0,0,0
ADAMTS3,1,0,0,0,0
DHTKD1,1,0,0,0,0
SLIT2,1,0,0,0,0
ADAMTS10,1,0,0,0,0
SNCA,1,0,0,1,0
LAMC3,1,0,1,0,0
SHOC2,1,0,0,0,0
CFAP96,1,0,0,1,1
PACS2,1,0,0,1,0
POLR3A,1,0,0,0,1
MR1,1,0,0,1,0
SPP2,1,0,0,0,0
KDM5B,1,0,0,1,1
MTM1,1,0,0,1,0
FREM1,1,0,0,1,0
THG1L,1,0,1,0,0
PTPN14,1,0,0,0,0
SYN3,1,0,0,0,0
JPH3,1,0,0,0,0
DNASE1,1,0,0,0,0
ODC1,1,0,0,0,0
MBD4,1,0,0,1,1
TPM3,1,0,0,0,1
EPHB4,1,0,0,0,0
BPTF,1,0,0,1,0
FOXL1,1,0,0,1,1
TSEN2,1,0,0,0,1
LOC126859908,1,0,0,0,0
TMEM67,1,0,0,1,0
DARS2,1,0,0,0,0
ANO5,1,0,0,0,0
SELENON,1,0,0,0,1
LLGL2,1,0,0,0,1
AAAS,1,0,0,0,1
SERPINA1,1,0,0,0,1
DLD,1,0,0,0,1
DLG4,1,0,0,0,0
ODAD1,1,0,0,0,0
TNNI3,1,0,0,1,0
C2,1,0,0,0,1
CDH23,1,0,0,0,0
GBA1,1,0,0,0,0
CACNA1C,1,0,0,0,0
NIPBL,1,0,0,0,0
NPHP4,1,0,0,1,0
RAI1,1,0,0,0,0
PLEC,1,0,0,0,0
CACNB2,1,0,0,0,0
JPH2,1,0,0,0,0
AFF2,1,0,0,0,0
PDE6B,1,0,0,0,0
LOC130060311,1,0,0,0,0
C11orf65,1,0,0,0,0
SKI,1,0,0,0,0
MLH3,1,0,0,0,0
RASGRP3,1,1,0,0,0
DICER1,1,0,0,0,0
DOCK8,1,0,0,1,0
PHYH,1,0,0,0,0
LOC129930253,1,0,1,0,0
CDHR1,1,0,0,1,1
APIP,1,0,0,0,0
CSTB,1,0,0,1,0
MPDU1,1,0,0,0,0
ABHD5,1,0,0,1,0
TCTN3,1,0,0,0,0
UQCRB-AS1,1,0,0,0,0
GNAS,1,0,0,0,0
KISS1R,1,0,0,0,0
DDR2,1,0,0,1,0
MASP1,1,0,0,1,0
NLRC4,1,0,1,0,0
NPR2,1,0,0,0,0
CCDC22,1,0,0,1,0
COQ6,1,0,1,0,0
ZIC3,1,0,0,0,1
