route,acts_on,predicted_current,best_precedent,gate,mechanism_dependent,advanceable_alone,status,distance_rank
ICD (current care),the arrhythmia after it starts,unchanged,standard of care,none,no,no,in place today,0
Quinidine and existing drugs,"Ito current, downstream of the channel",Na current unchanged,in clinical use,none,no,no,"available, partial effect",0
"DNA base editing (ABE, SpG guide)",reverting c.311A to G in the genome,"73.7% at 60% correction, 99.3% at 99%","SCN5A T1307M corrected in mouse heart up to 99.2%, phenotype eliminated above 60%, PMID 37965733",human cardiac delivery efficiency; no off-target search done,"no, stronger if dominant-negative","YES, design complete","strongest route; guide designed, zero bystanders",1
RNA editing (ADAR-recruiting oligo),reverting A to inosine in the mRNA,"dose-dependent, up to 100%","WVE-006 first RNA-editing molecule in clinical trials, ~50% transcript correction",heart ADAR1 is second-lowest of 54 tissues at 21.5 TPM,"no, stronger if dominant-negative","YES, design complete","conditional; reversible, which suits an ICD comparator",2
Upregulate the healthy allele,redirecting non-productive splicing,"51% at 1.5x, 68% at 2.0x","zorevunersen, SCN1A, NEJM 2026, in children",non-productive fraction in human heart is unmeasured,"no, works under either; but assumes suppression scales","YES, one measurement away","conditional, unresolved",3
Interaction / coupled-gating drug,mutant subunit suppressing the healthy one,34% up to 50%,"none, no target defined",surface-expression experiment,"yes, needs dominant-negative",no,"live branch, no assay, years out",7
Allele-specific silencing,destroying the mutant transcript,34% up to 50%,"class validated, not this variant",chemistry: G-to-A wobble is the hardest discrimination class,"yes, needs dominant-negative",design only,"weak, deprioritised",8
Folding corrector (pharmacochaperone),misfolded protein reaching the membrane,up to 100% if retention is real,"mexiletine rescue of G1743R, PMID 15023552",surface-expression experiment,"yes, needs ER retention",no,refuted by own calibration test; dead unless revived,9
Gene replacement (AAV-SCN5A),adding a working copy,dose-dependent,none for a 6 kb cardiac cargo,"6,048 bp coding sequence exceeds AAV capacity",no,no,"field-level problem, not ours",10
