variant,cdna,transcript,apc_z_score,depositor_acmg_code,clinvar_classification,n_classifying_submitters,assay_vs_classification,residue,clinvar_vcv,apc_effect,depositor_call,apc_source_pmids,clinvar_review_status,clinvar_last_evaluated,n_submissions_total,in_gnomad_v4,gnomad_af,paralog_conservation_9nav,wt_resname_8VYJ,sasa_A2_full_channel,rsa_full_channel,burial_call,verified_against_clinvar,functional_data_submitter,functional_data_scv,compiled_by
D82N,c.244G>A,NM_000335.5,-6.5,PS3_strong,no classification submitted,0,"severe loss of function on assay, never classified (no carrier reported)",82,VCV004681248,functionally abnormal,severe loss-of-function,38953211;41251004,(none),not_evaluated,1,absent,absent_from_gnomad_v4,1.0,ASP,17.8,0.109,buried,2026-07-26,"Vandenberg Lab, The Victor Chang Cardiac Research Institute",SCV007294630,"E. Bradley, independent; see NTD_FUNCTIONAL_EVIDENCE_TABLE_README.md"
F93S,c.278T>C,NM_000335.5,-6.24,PS3_strong,no classification submitted,0,"severe loss of function on assay, never classified (no carrier reported)",93,VCV000067758,functionally abnormal,severe loss-of-function,38953211;41251004,no classification provided,not_evaluated,2,absent,absent_from_gnomad_v4,1.0,PHE,22.9,0.116,buried,2026-07-26,"Vandenberg Lab, The Victor Chang Cardiac Research Institute",SCV007294652,"E. Bradley, independent; see NTD_FUNCTIONAL_EVIDENCE_TABLE_README.md"
R121W,c.361C>T,NM_000335.5,-6.33,PS3_strong,Pathogenic/Likely pathogenic,7,classification consistent with assay,121,VCV000067807,functionally abnormal,severe loss-of-function,38953211;41251004,"criteria provided, multiple submitters, no conflicts",2025/12/15,9,present,2.0531e-06,1.0,ARG,31.6,0.127,buried,2026-07-26,"Vandenberg Lab, The Victor Chang Cardiac Research Institute",SCV007294433,"E. Bradley, independent; see NTD_FUNCTIONAL_EVIDENCE_TABLE_README.md"
R104W,c.310C>T,NM_000335.5,-6.17,PS3_strong,Pathogenic/Likely pathogenic,7,classification consistent with assay,104,VCV000067778,functionally abnormal,severe loss-of-function,38953211;41251004,"criteria provided, multiple submitters, no conflicts",2026/01/07,9,absent,absent_from_gnomad_v4,1.0,ARG,36.6,0.148,buried,2026-07-26,"Vandenberg Lab, The Victor Chang Cardiac Research Institute",SCV007294674,"E. Bradley, independent; see NTD_FUNCTIONAL_EVIDENCE_TABLE_README.md"
R104Q,c.311G>A,NM_000335.5,-6.07,PS3_strong,Conflicting classifications of pathogenicity,7,"loss of function on assay, ClinVar Conflicting (6 of 7 classifying submitters on the pathogenic side)",104,VCV000067780,functionally abnormal,severe loss-of-function,38953211;41251004,"criteria provided, conflicting classifications",2025/09/30,9,present,3.4214e-06,1.0,ARG,36.6,0.148,buried,2026-07-26,"Vandenberg Lab, The Victor Chang Cardiac Research Institute",SCV007294411,"E. Bradley, independent; see NTD_FUNCTIONAL_EVIDENCE_TABLE_README.md"
V95I,c.283G>A,NM_000335.5,-1.71,BS3_supporting,Uncertain significance,8,"normal on assay, still Uncertain (defensible: one normal assay is not a benign call)",95,VCV000067761,functionally normal,not_applicable,38953211;41251004,"criteria provided, multiple submitters, no conflicts",2025/11/27,10,present,1.36764e-05,1.0,VAL,0.0,0.0,buried,2026-07-26,"Vandenberg Lab, The Victor Chang Cardiac Research Institute",SCV007294663,"E. Bradley, independent; see NTD_FUNCTIONAL_EVIDENCE_TABLE_README.md"
Q59R,c.176A>G,NM_000335.5,-1.32,BS3_supporting,no classification submitted,0,"normal on assay, never classified (no carrier reported)",59,VCV004681240,functionally normal,not_applicable,38953211;41251004,(none),not_evaluated,1,absent,absent_from_gnomad_v4,0.111,GLN,77.0,0.389,partially exposed,2026-07-26,"Vandenberg Lab, The Victor Chang Cardiac Research Institute",SCV007294608,"E. Bradley, independent; see NTD_FUNCTIONAL_EVIDENCE_TABLE_README.md"
N109K,c.327C>A,NM_000335.5,0.23,BS3_moderate,Uncertain significance,2,"normal on assay, still Uncertain (defensible: one normal assay is not a benign call)",109,VCV000067787,functionally normal,not_applicable,38953211;41251004,"criteria provided, multiple submitters, no conflicts",2025/09/11,4,present,5.5767e-06,0.111,ASN,105.4,0.671,exposed,2026-07-26,"Vandenberg Lab, The Victor Chang Cardiac Research Institute",SCV007294422,"E. Bradley, independent; see NTD_FUNCTIONAL_EVIDENCE_TABLE_README.md"
R34C,c.100C>T,NM_000335.5,0.45,BS3_moderate,Benign/Likely benign,20,classification consistent with assay,34,VCV000048279,functionally normal,not_applicable,38953211;41251004,"criteria provided, multiple submitters, no conflicts",2026/02/03,22,present,0.0062036847,0.222,ARG,124.3,0.501,exposed,2026-07-26,"Vandenberg Lab, The Victor Chang Cardiac Research Institute",SCV007294581,"E. Bradley, independent; see NTD_FUNCTIONAL_EVIDENCE_TABLE_README.md"
A60P,c.178G>C,NM_000335.5,1.21,BS3_moderate,Uncertain significance,4,"normal on assay, still Uncertain (defensible: one normal assay is not a benign call)",60,VCV000920699,functionally normal,not_applicable,38953211;41251004,"criteria provided, multiple submitters, no conflicts",2025/11/27,5,present,3.4215e-06,1.0,ALA,47.5,0.448,exposed,2026-07-26,"Vandenberg Lab, The Victor Chang Cardiac Research Institute",SCV007294619,"E. Bradley, independent; see NTD_FUNCTIONAL_EVIDENCE_TABLE_README.md"
S88G,c.262A>G,NM_000335.5,1.21,BS3_moderate,Uncertain significance,5,"normal on assay, still Uncertain (defensible: one normal assay is not a benign call)",88,VCV000201429,functionally normal,not_applicable,38953211;41251004,"criteria provided, multiple submitters, no conflicts",2025/01/11,6,present,1.19316e-05,0.333,SER,41.0,0.315,partially exposed,2026-07-26,"Vandenberg Lab, The Victor Chang Cardiac Research Institute",SCV007294641,"E. Bradley, independent; see NTD_FUNCTIONAL_EVIDENCE_TABLE_README.md"
R18Q,c.53G>A,NM_000335.5,1.65,BS3_moderate,Conflicting classifications of pathogenicity,9,"normal on assay, ClinVar Conflicting (one normal assay is not a benign call)",18,VCV000048306,functionally normal,not_applicable,38953211;41251004,"criteria provided, conflicting classifications",2026/01/08,11,present,5.95183e-05,0.556,ARG,203.9,0.822,exposed,2026-07-26,"Vandenberg Lab, The Victor Chang Cardiac Research Institute",SCV007294410,"E. Bradley, independent; see NTD_FUNCTIONAL_EVIDENCE_TABLE_README.md"
E48K,c.142G>A,NM_000335.5,1.79,BS3_moderate,Uncertain significance,10,"normal on assay, still Uncertain (defensible: one normal assay is not a benign call)",48,VCV000067663,functionally normal,not_applicable,38953211;41251004,"criteria provided, multiple submitters, no conflicts",2025/11/25,12,present,3.90533e-05,0.444,not_modelled_in_8VYJ,not_modelled_in_8VYJ,not_modelled_in_8VYJ,not_modelled_in_8VYJ,2026-07-26,"Vandenberg Lab, The Victor Chang Cardiac Research Institute",SCV007294521,"E. Bradley, independent; see NTD_FUNCTIONAL_EVIDENCE_TABLE_README.md"
